A1_Score,A2_Score,A3_Score,A4_Score,A5_Score,A6_Score,A7_Score,A8_Score,A9_Score,A10_Score,age,gender,ethnicity,jundice,austim,contry_of_res,used_app_before,result,age_desc,relation,Class/ASD
b'0',b'0',b'0',b'1',b'1',b'1',b'1',b'1',b'1',b'0',15.0,b'm',b'Hispanic',b'yes',b'yes',b'Austria',b'no',6.0,b'12-16 years',b'Parent',b'NO'
b'0',b'0',b'0',b'0',b'0',b'0',b'0',b'0',b'1',b'1',15.0,b'm',b'Black',b'no',b'no',b'Austria',b'no',2.0,b'12-16 years',b'Relative',b'NO'
b'0',b'0',b'0',b'0',b'0',b'0',b'0',b'0',b'1',b'1',12.0,b'f',b'?',b'no',b'no',b'AmericanSamoa',b'no',2.0,b'12-16 years',b'?',b'NO'
b'0',b'1',b'1',b'1',b'1',b'1',b'0',b'1',b'1',b'0',14.0,b'f',b'White-European',b'no',b'no',b'United Kingdom',b'no',7.0,b'12-16 years',b'Self',b'YES'
b'1',b'1',b'1',b'1',b'1',b'1',b'1',b'0',b'0',b'0',16.0,b'f',b'?',b'no',b'no',b'Albania',b'no',7.0,b'12-16 years',b'?',b'YES'
b'1',b'0',b'0',b'0',b'0',b'1',b'0',b'0',b'1',b'0',13.0,b'f',b'?',b'no',b'no',b'Belgium',b'no',3.0,b'12-16 years',b'?',b'NO'
b'0',b'0',b'0',b'1',b'1',b'1',b'1',b'1',b'1',b'0',16.0,b'f',b'?',b'no',b'no',b'Afghanistan',b'no',6.0,b'12-16 years',b'?',b'NO'
b'1',b'1',b'0',b'1',b'1',b'0',b'1',b'1',b'0',b'1',15.0,b'f',b'Middle Eastern ',b'no',b'no',b'Australia',b'no',7.0,b'12-16 years',b'Parent',b'YES'
b'1',b'1',b'1',b'1',b'1',b'1',b'0',b'0',b'0',b'0',12.0,b'm',b'Black',b'yes',b'yes',b'Bahrain',b'no',6.0,b'12-16 years',b'Parent',b'NO'
b'0',b'1',b'1',b'0',b'0',b'1',b'0',b'0',b'1',b'0',12.0,b'f',b'South Asian',b'no',b'no',b'Azerbaijan',b'no',4.0,b'12-16 years',b'Parent',b'NO'
b'1',b'0',b'0',b'0',b'1',b'1',b'0',b'1',b'1',b'0',13.0,b'f',b'Middle Eastern ',b'yes',b'no',b'United Arab Emirates',b'no',5.0,b'12-16 years',b'Parent',b'NO'
b'1',b'0',b'0',b'0',b'1',b'1',b'0',b'0',b'1',b'1',13.0,b'f',b'White-European',b'no',b'no',b'United Kingdom',b'no',5.0,b'12-16 years',b'Self',b'NO'
b'1',b'0',b'0',b'1',b'1',b'1',b'0',b'1',b'1',b'1',12.0,b'f',b'Others',b'no',b'no',b'United Kingdom',b'no',7.0,b'12-16 years',b'Self',b'YES'
b'1',b'1',b'1',b'1',b'1',b'1',b'0',b'1',b'1',b'1',12.0,b'f',b'Others',b'no',b'no',b'United Kingdom',b'no',9.0,b'12-16 years',b'Parent',b'YES'
b'1',b'0',b'1',b'1',b'1',b'1',b'0',b'1',b'1',b'1',12.0,b'f',b'Others',b'no',b'no',b'United Kingdom',b'no',8.0,b'12-16 years',b'Self',b'YES'
b'1',b'1',b'0',b'1',b'1',b'1',b'1',b'1',b'1',b'1',15.0,b'f',b'White-European',b'no',b'yes',b'United Kingdom',b'no',9.0,b'12-16 years',b'Parent',b'YES'
b'1',b'0',b'0',b'0',b'1',b'0',b'0',b'1',b'0',b'1',12.0,b'f',b'Others',b'yes',b'yes',b'United Kingdom',b'no',4.0,b'12-16 years',b'Parent',b'NO'
b'1',b'0',b'1',b'1',b'1',b'1',b'0',b'1',b'1',b'1',12.0,b'f',b'Others',b'no',b'no',b'United Kingdom',b'no',8.0,b'12-16 years',b'Parent',b'YES'
b'1',b'1',b'1',b'1',b'1',b'0',b'0',b'1',b'1',b'0',13.0,b'f',b'White-European',b'no',b'no',b'United Kingdom',b'no',7.0,b'12-16 years',b'Parent',b'YES'
b'1',b'1',b'1',b'0',b'1',b'1',b'1',b'0',b'1',b'1',12.0,b'm',b'White-European',b'no',b'no',b'United Kingdom',b'no',8.0,b'12-16 years',b'Parent',b'YES'
b'0',b'0',b'1',b'1',b'1',b'1',b'0',b'1',b'1',b'1',12.0,b'f',b'Others',b'no',b'no',b'United Kingdom',b'no',7.0,b'12-16 years',b'Parent',b'YES'
b'1',b'1',b'1',b'1',b'0',b'1',b'1',b'1',b'1',b'1',14.0,b'm',b'White-European',b'no',b'no',b'New Zealand',b'no',9.0,b'12-16 years',b'Parent',b'YES'
b'1',b'1',b'1',b'1',b'1',b'1',b'1',b'1',b'1',b'1',15.0,b'f',b'White-European',b'no',b'no',b'Australia',b'no',10.0,b'12-16 years',b'Parent',b'YES'
b'1',b'0',b'1',b'1',b'1',b'1',b'1',b'1',b'1',b'1',13.0,b'm',b'Middle Eastern ',b'no',b'yes',b'United States',b'no',9.0,b'12-16 years',b'Parent',b'YES'
b'1',b'1',b'1',b'1',b'1',b'1',b'1',b'1',b'1',b'1',14.0,b'm',b'Hispanic',b'no',b'no',b'Argentina',b'no',10.0,b'12-16 years',b'Self',b'YES'
b'1',b'0',b'1',b'1',b'1',b'1',b'0',b'1',b'1',b'1',12.0,b'f',b'Others',b'no',b'no',b'United Kingdom',b'no',8.0,b'12-16 years',b'Health care professional',b'YES'
b'1',b'1',b'0',b'1',b'0',b'0',b'0',b'0',b'0',b'0',12.0,b'm',b'Middle Eastern ',b'no',b'no',b'Jordan',b'no',3.0,b'12-16 years',b'Self',b'NO'
b'1',b'0',b'1',b'1',b'1',b'0',b'0',b'0',b'1',b'1',14.0,b'f',b'White-European',b'no',b'no',b'Canada',b'no',6.0,b'12-16 years',b'Self',b'NO'
b'1',b'1',b'0',b'0',b'0',b'0',b'1',b'0',b'1',b'0',13.0,b'm',b'?',b'no',b'no',b'Afghanistan',b'no',4.0,b'12-16 years',b'?',b'NO'
b'0',b'1',b'1',b'1',b'1',b'1',b'1',b'1',b'1',b'1',16.0,b'm',b'Others',b'no',b'no',b'United Kingdom',b'no',9.0,b'12-16 years',b'Parent',b'YES'
b'1',b'0',b'1',b'1',b'1',b'1',b'0',b'1',b'1',b'1',14.0,b'f',b'White-European',b'no',b'no',b'United Kingdom',b'no',8.0,b'12-16 years',b'Self',b'YES'
b'1',b'1',b'1',b'1',b'1',b'1',b'0',b'0',b'0',b'1',13.0,b'm',b'White-European',b'no',b'no',b'United Kingdom',b'no',7.0,b'12-16 years',b'Self',b'YES'
b'1',b'0',b'1',b'1',b'1',b'1',b'0',b'1',b'1',b'1',16.0,b'f',b'White-European',b'no',b'no',b'United States',b'no',8.0,b'12-16 years',b'Self',b'YES'
b'1',b'1',b'1',b'1',b'1',b'1',b'1',b'0',b'1',b'1',12.0,b'm',b'Middle Eastern ',b'yes',b'no',b'United States',b'no',9.0,b'12-16 years',b'Parent',b'YES'
b'1',b'0',b'1',b'1',b'1',b'1',b'1',b'1',b'1',b'1',14.0,b'f',b'Others',b'no',b'no',b'Canada',b'no',9.0,b'12-16 years',b'Self',b'YES'
b'1',b'1',b'1',b'1',b'0',b'1',b'1',b'1',b'1',b'1',16.0,b'f',b'Latino',b'no',b'yes',b'Brazil',b'no',9.0,b'12-16 years',b'Self',b'YES'
b'1',b'0',b'1',b'1',b'1',b'1',b'1',b'1',b'1',b'1',15.0,b'f',b'Black',b'no',b'no',b'United States',b'no',9.0,b'12-16 years',b'Self',b'YES'
b'0',b'0',b'1',b'1',b'1',b'1',b'1',b'1',b'1',b'1',14.0,b'f',b'Others',b'no',b'no',b'Canada',b'no',8.0,b'12-16 years',b'Self',b'YES'
b'0',b'0',b'1',b'1',b'1',b'1',b'1',b'1',b'1',b'1',12.0,b'm',b'White-European',b'no',b'no',b'United States',b'no',8.0,b'12-16 years',b'Relative',b'YES'
b'0',b'0',b'1',b'1',b'1',b'1',b'1',b'1',b'1',b'1',12.0,b'm',b'White-European',b'no',b'no',b'United States',b'no',8.0,b'12-16 years',b'Relative',b'YES'
b'1',b'0',b'1',b'0',b'1',b'1',b'1',b'1',b'1',b'1',15.0,b'm',b'White-European',b'no',b'no',b'Croatia',b'no',8.0,b'12-16 years',b'Health care professional',b'YES'
b'1',b'1',b'0',b'0',b'1',b'1',b'0',b'0',b'1',b'0',13.0,b'f',b'Others',b'yes',b'yes',b'United States',b'no',5.0,b'12-16 years',b'Self',b'NO'
b'1',b'0',b'0',b'0',b'1',b'1',b'0',b'0',b'0',b'0',16.0,b'm',b'Hispanic',b'no',b'no',b'Argentina',b'no',3.0,b'12-16 years',b'Self',b'NO'
b'0',b'1',b'1',b'1',b'1',b'1',b'1',b'1',b'1',b'1',16.0,b'm',b'Hispanic',b'no',b'no',b'Argentina',b'no',9.0,b'12-16 years',b'Self',b'YES'
b'0',b'0',b'1',b'1',b'1',b'1',b'1',b'1',b'1',b'0',15.0,b'f',b'White-European',b'no',b'no',b'Argentina',b'no',7.0,b'12-16 years',b'Parent',b'YES'
b'1',b'1',b'1',b'1',b'1',b'1',b'1',b'1',b'1',b'1',16.0,b'm',b'Asian',b'yes',b'no',b'India',b'no',10.0,b'12-16 years',b'Relative',b'YES'
b'0',b'1',b'1',b'1',b'1',b'1',b'1',b'1',b'1',b'1',16.0,b'm',b'Asian',b'yes',b'no',b'India',b'yes',9.0,b'12-16 years',b'Relative',b'YES'
b'1',b'1',b'1',b'1',b'0',b'1',b'0',b'0',b'1',b'0',12.0,b'm',b'Asian',b'no',b'no',b'Bangladesh',b'no',6.0,b'12-16 years',b'Parent',b'NO'
b'1',b'1',b'1',b'0',b'1',b'1',b'1',b'1',b'1',b'1',12.0,b'f',b'Black',b'no',b'no',b'France',b'no',9.0,b'12-16 years',b'Parent',b'YES'
b'1',b'1',b'0',b'1',b'1',b'1',b'0',b'0',b'1',b'1',14.0,b'f',b'South Asian',b'no',b'no',b'United Kingdom',b'no',7.0,b'12-16 years',b'Self',b'YES'
b'0',b'0',b'1',b'1',b'0',b'1',b'0',b'1',b'1',b'1',13.0,b'm',b'Asian',b'no',b'no',b'Indonesia',b'no',6.0,b'12-16 years',b'Parent',b'NO'
b'0',b'1',b'1',b'1',b'1',b'1',b'1',b'1',b'1',b'1',13.0,b'm',b'Asian',b'no',b'no',b'Indonesia',b'no',9.0,b'12-16 years',b'Parent',b'YES'
b'1',b'0',b'0',b'1',b'1',b'1',b'0',b'1',b'1',b'1',16.0,b'f',b'Black',b'no',b'no',b'United States',b'no',7.0,b'12-16 years',b'Self',b'YES'
b'0',b'0',b'0',b'1',b'1',b'1',b'0',b'0',b'0',b'1',13.0,b'm',b'Middle Eastern ',b'no',b'no',b'Egypt',b'no',4.0,b'12-16 years',b'Others',b'NO'
b'1',b'0',b'0',b'0',b'0',b'0',b'0',b'0',b'0',b'0',15.0,b'f',b'Hispanic',b'no',b'no',b'Argentina',b'no',1.0,b'12-16 years',b'Self',b'NO'
b'0',b'0',b'0',b'1',b'0',b'0',b'1',b'1',b'0',b'0',15.0,b'm',b'Latino',b'no',b'no',b'Argentina',b'no',3.0,b'12-16 years',b'Self',b'NO'
b'0',b'1',b'0',b'0',b'0',b'0',b'0',b'0',b'0',b'0',15.0,b'm',b'Black',b'no',b'no',b'Argentina',b'no',1.0,b'12-16 years',b'Parent',b'NO'
b'1',b'1',b'1',b'1',b'1',b'1',b'1',b'1',b'0',b'0',16.0,b'm',b'White-European',b'no',b'no',b'Argentina',b'no',8.0,b'12-16 years',b'Self',b'YES'
b'0',b'0',b'0',b'0',b'0',b'0',b'1',b'0',b'0',b'0',16.0,b'm',b'Latino',b'no',b'no',b'Argentina',b'no',1.0,b'12-16 years',b'Self',b'NO'
b'1',b'1',b'1',b'1',b'1',b'1',b'1',b'1',b'1',b'1',16.0,b'm',b'Latino',b'no',b'no',b'Argentina',b'no',10.0,b'12-16 years',b'Self',b'YES'
b'1',b'1',b'1',b'1',b'1',b'1',b'1',b'1',b'1',b'1',12.0,b'f',b'White-European',b'no',b'yes',b'United Kingdom',b'no',10.0,b'12-16 years',b'Self',b'YES'
b'1',b'1',b'0',b'0',b'0',b'0',b'0',b'1',b'0',b'0',16.0,b'f',b'White-European',b'no',b'no',b'United Kingdom',b'no',3.0,b'12-16 years',b'Self',b'NO'
b'0',b'0',b'1',b'1',b'1',b'1',b'1',b'1',b'1',b'1',16.0,b'f',b'White-European',b'no',b'no',b'Netherlands',b'no',8.0,b'12-16 years',b'Parent',b'YES'
b'1',b'0',b'1',b'1',b'1',b'1',b'0',b'0',b'1',b'1',16.0,b'f',b'White-European',b'yes',b'no',b'Greenland',b'no',7.0,b'12-16 years',b'Self',b'YES'
b'1',b'0',b'1',b'1',b'1',b'0',b'1',b'1',b'1',b'0',14.0,b'f',b'White-European',b'no',b'yes',b'United Kingdom',b'no',7.0,b'12-16 years',b'Self',b'YES'
b'1',b'0',b'1',b'1',b'1',b'1',b'0',b'1',b'1',b'1',15.0,b'f',b'White-European',b'no',b'no',b'Austria',b'no',8.0,b'12-16 years',b'Health care professional',b'YES'
b'1',b'0',b'1',b'1',b'1',b'1',b'0',b'1',b'1',b'1',15.0,b'f',b'Asian',b'no',b'no',b'Bahamas',b'no',8.0,b'12-16 years',b'Self',b'YES'
b'0',b'0',b'1',b'0',b'1',b'1',b'1',b'0',b'0',b'0',16.0,b'm',b'White-European',b'no',b'no',b'Netherlands',b'no',4.0,b'12-16 years',b'Others',b'NO'
b'1',b'1',b'1',b'1',b'1',b'1',b'0',b'0',b'1',b'1',13.0,b'f',b'White-European',b'no',b'no',b'United States',b'no',8.0,b'12-16 years',b'Self',b'YES'
b'1',b'1',b'0',b'0',b'1',b'0',b'1',b'1',b'1',b'1',14.0,b'm',b'Others',b'no',b'no',b'United Kingdom',b'no',7.0,b'12-16 years',b'Self',b'YES'
b'1',b'1',b'0',b'0',b'0',b'1',b'0',b'1',b'1',b'1',13.0,b'f',b'White-European',b'no',b'yes',b'Belgium',b'yes',6.0,b'12-16 years',b'Health care professional',b'NO'
b'0',b'1',b'0',b'1',b'1',b'1',b'0',b'1',b'1',b'1',16.0,b'f',b'White-European',b'no',b'no',b'United States',b'no',7.0,b'12-16 years',b'Self',b'YES'
b'1',b'1',b'1',b'1',b'0',b'1',b'0',b'0',b'1',b'1',12.0,b'f',b'Black',b'no',b'yes',b'United Kingdom',b'no',7.0,b'12-16 years',b'Self',b'YES'
b'1',b'1',b'1',b'1',b'1',b'1',b'0',b'1',b'1',b'0',12.0,b'm',b'White-European',b'no',b'no',b'Albania',b'no',8.0,b'12-16 years',b'Health care professional',b'YES'
b'1',b'1',b'1',b'1',b'1',b'1',b'1',b'0',b'1',b'0',16.0,b'm',b'Asian',b'no',b'no',b'United Kingdom',b'no',8.0,b'12-16 years',b'Parent',b'YES'
b'1',b'1',b'1',b'0',b'1',b'0',b'1',b'0',b'1',b'0',16.0,b'm',b'Asian',b'no',b'yes',b'United Kingdom',b'no',6.0,b'12-16 years',b'Self',b'NO'
b'1',b'1',b'1',b'1',b'1',b'1',b'1',b'0',b'1',b'1',14.0,b'f',b'White-European',b'no',b'no',b'South Africa',b'no',9.0,b'12-16 years',b'Parent',b'YES'
b'1',b'1',b'0',b'0',b'1',b'0',b'1',b'0',b'0',b'0',12.0,b'm',b'Asian',b'yes',b'no',b'Viet Nam',b'no',4.0,b'12-16 years',b'Self',b'NO'
b'1',b'1',b'1',b'1',b'1',b'1',b'1',b'1',b'1',b'0',14.0,b'm',b'White-European',b'no',b'no',b'United States',b'no',9.0,b'12-16 years',b'Parent',b'YES'
b'1',b'0',b'1',b'1',b'0',b'1',b'1',b'1',b'1',b'1',16.0,b'f',b'White-European',b'yes',b'no',b'United Kingdom',b'no',8.0,b'12-16 years',b'Parent',b'YES'
b'0',b'0',b'1',b'1',b'0',b'1',b'0',b'1',b'1',b'1',13.0,b'f',b'Black',b'no',b'no',b'AmericanSamoa',b'no',6.0,b'12-16 years',b'Parent',b'NO'
b'1',b'0',b'0',b'0',b'1',b'1',b'0',b'1',b'0',b'0',16.0,b'm',b'South Asian',b'no',b'no',b'Comoros',b'no',4.0,b'12-16 years',b'Self',b'NO'
b'1',b'1',b'1',b'0',b'1',b'1',b'1',b'0',b'1',b'1',16.0,b'm',b'Asian',b'no',b'no',b'Portugal',b'no',8.0,b'12-16 years',b'Relative',b'YES'
b'1',b'1',b'0',b'1',b'1',b'1',b'0',b'0',b'1',b'0',15.0,b'm',b'White-European',b'no',b'no',b'Croatia',b'no',6.0,b'12-16 years',b'Self',b'NO'
b'1',b'0',b'0',b'1',b'1',b'1',b'0',b'0',b'1',b'1',14.0,b'm',b'White-European',b'no',b'no',b'Finland',b'no',6.0,b'12-16 years',b'Parent',b'NO'
b'0',b'0',b'1',b'1',b'1',b'0',b'1',b'1',b'1',b'1',16.0,b'm',b'Asian',b'yes',b'no',b'India',b'no',7.0,b'12-16 years',b'Others',b'YES'
b'1',b'1',b'1',b'1',b'1',b'1',b'1',b'0',b'1',b'1',16.0,b'm',b'Asian',b'yes',b'no',b'India',b'no',9.0,b'12-16 years',b'Relative',b'YES'
b'0',b'1',b'1',b'1',b'0',b'0',b'0',b'1',b'1',b'1',16.0,b'f',b'White-European',b'yes',b'no',b'United Kingdom',b'no',6.0,b'12-16 years',b'Self',b'NO'
b'1',b'1',b'1',b'1',b'1',b'1',b'0',b'0',b'1',b'1',14.0,b'm',b'White-European',b'no',b'no',b'United Kingdom',b'no',8.0,b'12-16 years',b'Parent',b'YES'
b'1',b'0',b'1',b'0',b'0',b'1',b'0',b'0',b'1',b'1',13.0,b'm',b'White-European',b'no',b'no',b'Norway',b'no',5.0,b'12-16 years',b'Self',b'NO'
b'1',b'1',b'0',b'1',b'1',b'1',b'1',b'1',b'1',b'1',16.0,b'm',b'White-European',b'no',b'no',b'United States',b'no',9.0,b'12-16 years',b'Self',b'YES'
b'1',b'1',b'0',b'1',b'1',b'1',b'1',b'1',b'1',b'1',15.0,b'm',b'White-European',b'yes',b'yes',b'United Kingdom',b'no',9.0,b'12-16 years',b'Self',b'YES'
b'1',b'0',b'1',b'0',b'1',b'0',b'1',b'0',b'0',b'0',12.0,b'm',b'Asian',b'no',b'no',b'India',b'yes',4.0,b'12-16 years',b'Relative',b'NO'
b'1',b'1',b'1',b'0',b'1',b'1',b'0',b'0',b'1',b'1',16.0,b'm',b'White-European',b'yes',b'no',b'Ireland',b'no',7.0,b'12-16 years',b'Self',b'YES'
b'1',b'1',b'0',b'1',b'0',b'0',b'1',b'1',b'0',b'0',15.0,b'm',b'Asian',b'no',b'no',b'Indonesia',b'no',5.0,b'12-15 years',b'Self',b'NO'
b'1',b'1',b'1',b'0',b'1',b'1',b'1',b'1',b'1',b'1',15.0,b'f',b'Middle Eastern ',b'no',b'yes',b'Egypt',b'no',9.0,b'12-15 years',b'Parent',b'YES'
b'1',b'1',b'1',b'1',b'1',b'1',b'1',b'1',b'0',b'0',16.0,b'f',b'Latino',b'no',b'no',b'Austria',b'no',8.0,b'12-15 years',b'Health care professional',b'YES'
b'1',b'0',b'0',b'0',b'1',b'0',b'0',b'1',b'0',b'1',15.0,b'f',b'?',b'no',b'no',b'Argentina',b'no',4.0,b'12-15 years',b'?',b'NO'
b'0',b'1',b'1',b'1',b'0',b'1',b'1',b'0',b'1',b'0',12.0,b'f',b'Middle Eastern ',b'no',b'no',b'Austria',b'no',6.0,b'12-15 years',b'Parent',b'NO'
b'0',b'1',b'1',b'1',b'0',b'1',b'1',b'0',b'1',b'0',16.0,b'f',b'Middle Eastern ',b'no',b'no',b'Anguilla',b'yes',6.0,b'12-15 years',b'Parent',b'NO'
b'1',b'0',b'1',b'0',b'0',b'0',b'0',b'1',b'0',b'1',16.0,b'm',b'Asian',b'no',b'no',b'India',b'no',4.0,b'12-15 years',b'Parent',b'NO'
b'1',b'0',b'0',b'1',b'1',b'1',b'1',b'1',b'1',b'1',12.0,b'f',b'White-European',b'no',b'no',b'United Kingdom',b'no',8.0,b'12-16 years',b'Self',b'YES'
b'1',b'1',b'0',b'1',b'1',b'0',b'0',b'0',b'1',b'1',13.0,b'f',b'White-European',b'no',b'no',b'United Kingdom',b'no',6.0,b'12-16 years',b'Self',b'NO'
b'1',b'0',b'1',b'0',b'0',b'1',b'1',b'1',b'1',b'0',12.0,b'm',b'Asian',b'no',b'no',b'India',b'no',6.0,b'12-16 years',b'Parent',b'NO'
